﻿<?xml version="1.0" encoding="utf-8" ?>

<ServerInfo IP="10.43.130.35">

  <TestUrl>https://qa1-clearsight.cs17.force.com/community</TestUrl>

  <!--<TestUrl>https://mcstrunk.csstars.com/Automation/default.cmdx</TestUrl>-->

  <ServerURI>https://mcstrunk.csstars.com</ServerURI>

  <ClientID>Nirmala.Tajne@marshclearsight.com</ClientID>

  <!--<ClientID>E321TEST_SO_AUTO</ClientID>-->

  <ClientPassword>Welcome!5</ClientPassword>

  <Company>EHS</Company>
<!--As we are using only one company(CH2M -All other Lines) for our testcase. So we mark this as False""-->
  <IsMultiCompany>true</IsMultiCompany>

<!--As we are using only one company(CH2M -All other Lines) for our testcase. So we mark this as True""-->
  <IsSingleCompany>false</IsSingleCompany>
  
  <IsSingleClient>false</IsSingleClient>
  
  <IsMultiClient>false</IsMultiClient>

  <IsMultiClient>false</IsMultiClient>
  
  <IsMultiTenant>false</IsMultiTenant>

  <DateFormat>M/d/yyyy</DateFormat>

  <DBProvider>MSDAORA</DBProvider>

  <DBServer>10.27.188.71</DBServer>

  <DBDataSource>10.87.188.90:1521/QA12F</DBDataSource>

  <DBUserID>A241TEST_TR_AUTO</DBUserID>

  <DBPassword>LGNip0GBshHp10A</DBPassword>

  <JSDataSource>10.87.188.90:1521/QA12F</JSDataSource>

  <JSUserID>JOBSERVER_TR_AUTO</JSUserID>

  <JSPassword>WVZFDMPN</JSPassword>

  <CPPermissionUserID>Tanushree.Santra@synechron.com</CPPermissionUserID>

  <CPPermissionUserPassword>Welcome!5</CPPermissionUserPassword>

  <DirectlyRunThroughLink>false</DirectlyRunThroughLink>

</ServerInfo>
