﻿<?xml version="1.0" encoding="utf-8" ?>

<ServerInfo IP="10.43.130.35">

  <TestUrl>https://uat-clearsight.cs4.force.com/community/Hydra_Landing</TestUrl>

  <!--<TestUrl>https://mcstrunk.csstars.com/Automation/default.cmdx</TestUrl>-->

  <ServerURI>https://mcstrunk.csstars.com</ServerURI>

  <ClientID>automation1@STARS-NET.COM</ClientID>

  <!--<ClientID>E321TEST_SO_AUTO</ClientID>-->

  <ClientPassword>Welcome!5</ClientPassword>

  <Company>MCT</Company>

  <IsMultiCompany>false</IsMultiCompany>
  
  <IsMultiClient>true</IsMultiClient>

  <IsSingleClient>false</IsSingleClient>

  <IsSingleCompany>false</IsSingleCompany>

  <IsMultiTenant>false</IsMultiTenant>

  <DateFormat>M/d/yyyy</DateFormat>

  <DBProvider>MSDAORA</DBProvider>

  <DBServer>s608109ch3scan5.uschcg6.savvis.net</DBServer>

  <DBDataSource>s608109ch3scan5.uschcg6.savvis.net:1521/EESTG11</DBDataSource>

  <DBUserID>RELE321AUTO_S</DBUserID>

  <DBPassword>6Hw#FAk2w0nC#NE</DBPassword>

  <!--Job Server Details are used by only 1 script (TC ID: 8517, testErosionScenarioOne) which is obsolete. Therefore these details are not updated-->
  <JSDataSource>s608109ch3scan5.uschcg6.savvis.net:1521/EESTG11</JSDataSource>

  <JSUserID>SAASJOBS_STG</JSUserID>

  <JSPassword>WVZFDMPN</JSPassword>

  <DirectlyRunThroughLink>false</DirectlyRunThroughLink>

	<CPPermissionUserID>automation3@stars-net.com</CPPermissionUserID>

	<CPPermissionUserPassword>Welcome!5</CPPermissionUserPassword>

</ServerInfo>