﻿<?xml version="1.0" encoding="utf-8" ?>

<ServerInfo IP="10.43.130.144">

  <TestUrl>https://qa1-clearsight.cs17.force.com/community/Hydra_Landing</TestUrl>

  <!--<TestUrl>https://preval.csstars.com/Enterprise/default.cmdx</TestUrl>-->

  <ServerURI>https://preval.csstars.com</ServerURI>

  <ClientID>Omkar.Mate@synechron.com</ClientID>

  <ClientPassword>Welcome!5</ClientPassword>

  <Company>MCT</Company>

  <IsMultiCompany>false</IsMultiCompany>

  <IsSingleClient>false</IsSingleClient>

  <IsMultiClient>true</IsMultiClient>

  <IsSingleCompany>false</IsSingleCompany>

  <IsMultiTenant>false</IsMultiTenant>

  <DateFormat>M/d/yyyy</DateFormat>

  <DBProvider>MSDAORA</DBProvider>

  <DBServer>10.87.188.90</DBServer>

  <DBDataSource>10.87.188.90:1521/QA12F</DBDataSource>

  <DBUserID>E321TEST_BAT</DBUserID>

  <!--<DBPassword>MzZP6a#x20M$uuz</DBPassword>-->
  <DBPassword>0zM=6D6wdMTo0%x</DBPassword>
  
  <JSDataSource>10.87.188.90:1521/QA12F</JSDataSource>

  <JSUserID>JOBSERVER_VAL</JSUserID>

  <JSPassword>TZCJHGLB</JSPassword>

  <CPPermissionUserID>amol.chitte@marshclearsight.com</CPPermissionUserID>

  <CPPermissionUserPassword>Welcome!5</CPPermissionUserPassword>

  <DirectlyRunThroughLink>false</DirectlyRunThroughLink>

</ServerInfo>