﻿<?xml version="1.0" encoding="utf-8" ?>

<ServerInfo IP="10.43.130.56">

  <TestUrl>https://qa1-clearsight.cs17.force.com/community</TestUrl>

  <!--<TestUrl>https://mcstrunk.csstars.com/Automation/default.cmdx</TestUrl>-->

  <ServerURI>https://qaauto-trunk.csstars.com</ServerURI>

  <ClientID>automation01@STARS-NET.COM</ClientID>

  <!--<ClientID>E321TEST_SO_AUTO</ClientID>-->

  <ClientPassword>Welcome!5</ClientPassword>

  <Company>ABC</Company>

  <IsMultiClient>false</IsMultiClient>

  <IsMultiCompany>false</IsMultiCompany>

  <IsSingleClient>false</IsSingleClient>
  
  <IsSingleCompany>true</IsSingleCompany>

  <IsMultiTenant>false</IsMultiTenant>

  <DateFormat>M/d/yyyy</DateFormat>
  

  <DBProvider>MSDAORA</DBProvider>

  <DBServer>10.27.188.71</DBServer>

  <DBDataSource>10.87.188.90:1521/QA12F</DBDataSource>

  <DBUserID>A237TEST_TR_AUTO</DBUserID>

  <DBPassword>W48sVHQMp2gTW5J</DBPassword>
  
  <JSDataSource>10.87.188.90:1521/QA12F</JSDataSource>

  <JSUserID>JOBSERVER_TR_AUTO</JSUserID>

  <JSPassword>WVZFDMPN</JSPassword>

  <CPPermissionUserID>automation23@stars-net.com</CPPermissionUserID>

  <CPPermissionUserPassword>Welcome!5</CPPermissionUserPassword>
  
  <DirectlyRunThroughLink>false</DirectlyRunThroughLink>
</ServerInfo>