﻿<?xml version="1.0" encoding="utf-8" ?>

<ServerInfo IP="10.43.130.148">

  <TestUrl>https://qa1-clearsight.cs17.force.com/community</TestUrl>

  <!--<TestUrl>https://mcstrunk.csstars.com/Automation/default.cmdx</TestUrl>-->

  <ServerURI>https://mcstrunk.csstars.com</ServerURI>

  <ClientID>automation2@STARS-NET.COM</ClientID>

  <!--<ClientID>E321TEST_SO_AUTO</ClientID>-->

  <ClientPassword>Welcome!5</ClientPassword>

  <Company>MCT</Company>

  <IsMultiClient>false</IsMultiClient>

  <IsMultiCompany>false</IsMultiCompany>

  <IsSingleClient>true</IsSingleClient>
  
  <IsSingleCompany>false</IsSingleCompany>

  <IsMultiTenant>false</IsMultiTenant>

  <DateFormat>M/d/yyyy</DateFormat>

  <DBProvider>MSDAORA</DBProvider>

  <DBServer>10.27.188.71</DBServer>

  <DBDataSource>10.87.188.90:1521/QA12F</DBDataSource>

  <DBUserID>D364TEST_TR_AUTO</DBUserID>

  <DBPassword>dFMh24t68xhR*AW</DBPassword>

  <JSDataSource>10.87.188.90:1521/QA12F</JSDataSource>

  <JSUserID>JOBSERVER_TR_AUTO</JSUserID>

  <JSPassword>WVZFDMPN</JSPassword>

  <CPPermissionUserID>Himanshu.vaidya@Synechron.com</CPPermissionUserID>

  <CPPermissionUserPassword>Welcome!5</CPPermissionUserPassword>

  <DirectlyRunThroughLink>false</DirectlyRunThroughLink>
</ServerInfo>